MoleculeId,PredictedProbability
1,0.82
2,0.88
3,0.56
4,0.96
5,0.19
6,0.53
7,0.91
8,0.7
9,0.88
10,0.44
11,0.36
12,0.68
13,0.84
14,0.56
15,0.33
16,0.18
17,0.23
18,0.25
19,0.51
20,0.78
21,0.16
22,0.86
23,0.81
24,0.87
25,0.77
26,0.59
27,0.1
28,0.35
29,0.25
30,0.48
31,0.44
32,0.14
33,0.69
34,0.49
35,0.48
36,0.95
37,0.83
38,0.62
39,0.83
40,0.92
41,0.41
42,0.07
43,0.72
44,0.86
45,0.02
46,0.3
47,0.84
48,0.67
49,0.9
50,0.58
51,0.75
52,0.19
53,0.73
54,0.23
55,0.15
56,0.78
57,0.98
58,0.96
59,0.98
60,0.65
61,0.71
62,0.89
63,0.35
64,0.05
65,0.56
66,0.57
67,0.42
68,0.26
69,0.3
70,0.45
71,0.79
72,0.71
73,0.92
74,0.85
75,0.28
76,0.33
77,0.9
78,0.54
79,0.91
80,0.37
81,0.27
82,0.23
83,0.17
84,0.23
85,0.68
86,0.48
87,0.4
88,0.85
89,0.98
90,0.39
91,0.46
92,0.6
93,0.28
94,0.19
95,0.73
96,0.36
97,0.67
98,0.84
99,0.86
100,0.84
101,0.57
102,0.92
103,0.55
104,0.42
105,0.27
106,0.18
107,0.62
108,0.5
109,0.89
110,0.01
111,0.53
112,0.56
113,0.2
114,0.81
115,0.84
116,0.15
117,0.8
118,0.25
119,0.6
120,0.17
121,0.23
122,0.13
123,0.96
124,0.37
125,0.36
126,0.29
127,0.45
128,0.41
129,0.29
130,0.11
131,0.08
132,0.41
133,0.04
134,0.82
135,0.51
136,0.86
137,0.09
138,0.64
139,0.61
140,0.74
141,0.7
142,0.84
143,0.8
144,0.31
145,0.84
146,0.21
147,0.8
148,0.86
149,0.53
150,0.39
151,0.07
152,0.58
153,0.42
154,0.97
155,0.96
156,0.62
157,0.83
158,0.88
159,0.61
160,0.04
161,0.63
162,0.01
163,0.2
164,0.96
165,0.93
166,0.47
167,0.61
168,0.76
169,0.5
170,0.9
171,0.98
172,0.77
173,0.37
174,0.82
175,0.09
176,0.63
177,0.33
178,0.25
179,0.54
180,0.21
181,0.36
182,0.79
183,0.56
184,0.2
185,0.94
186,0.59
187,0.96
188,0.38
189,0.98
190,0.48
191,0.19
192,0.65
193,0.21
194,0.63
195,0.95
196,0.31
197,0.96
198,0.61
199,0.65
200,0.23
201,0.94
202,0.23
203,0.32
204,0.26
205,0.88
206,0.68
207,0.52
208,0.87
209,0.56
210,0.34
211,0.75
212,0.85
213,0.87
214,0.01
215,0.52
216,0.86
217,0.55
218,0.48
219,0.49
220,0.27
221,0.76
222,0.34
223,0.26
224,0.98
225,0.38
226,0.37
227,0.32
228,0.91
229,0.23
230,0.49
231,0.58
232,0.95
233,0.84
234,0.4
235,0.82
236,0.73
237,0.72
238,0.22
239,0.83
240,0.78
241,0.26
242,0
243,0.7
244,0.55
245,0.71
246,0.86
247,0.25
248,0.25
249,0.92
250,0.18
251,0.47
252,0.5
253,0.59
254,0.65
255,0.94
256,0.49
257,0.19
258,0.42
259,0.51
260,0.02
261,0.41
262,0.28
263,0.24
264,0.62
265,0.19
266,0.84
267,0.89
268,0.3
269,0.53
270,0.93
271,0.95
272,0.89
273,0.7
274,0.31
275,0.3
276,0.11
277,0.79
278,0.46
279,0.68
280,0.56
281,0.12
282,0.79
283,0.77
284,0.01
285,0.69
286,0.99
287,0.92
288,0.72
289,0.85
290,0.18
291,0.33
292,0.35
293,0.44
294,0.75
295,0.01
296,0.27
297,0
298,0.64
299,0.69
300,0.77
301,0.88
302,0.32
303,0.68
304,0.78
305,0.91
306,0.88
307,0.36
308,0.91
309,0.52
310,0.91
311,0.93
312,0.61
313,0.62
314,0.07
315,0.72
316,0.39
317,0.82
318,0.3
319,0.28
320,0.1
321,0.32
322,0.73
323,0.91
324,0.27
325,0.15
326,0.84
327,1
328,0.87
329,0.42
330,0.78
331,0.66
332,0.68
333,0.54
334,0.46
335,0.6
336,0.59
337,0.87
338,0.08
339,0.09
340,0.96
341,0.95
342,0.83
343,0.09
344,0.32
345,0.78
346,0.87
347,0.23
348,0.45
349,0.17
350,0.63
351,0.4
352,0.79
353,0.72
354,0.4
355,0.64
356,0.44
357,0.69
358,0.28
359,0.22
360,0.88
361,0.38
362,0.62
363,0.95
364,0.47
365,0.87
366,0.95
367,0.48
368,0.37
369,0.09
370,0.28
371,0.79
372,0.41
373,0.57
374,0.07
375,0.64
376,0.96
377,0.47
378,0.66
379,0.9
380,0.12
381,0.96
382,0.94
383,0.93
384,0.37
385,0.97
386,0.56
387,0.14
388,0.12
389,0.03
390,0.89
391,0.67
392,0.4
393,0.72
394,0.62
395,0.96
396,0.11
397,0.59
398,0.09
399,0.7
400,0.9
401,0.89
402,0.66
403,0.07
404,0.96
405,0.51
406,0.13
407,1
408,0.61
409,0.41
410,0.37
411,0.61
412,0.94
413,0.84
414,0.39
415,0.7
416,0.84
417,0.41
418,0.69
419,0.54
420,0.43
421,0.26
422,0.66
423,0.63
424,0.59
425,0.9
426,0.14
427,0.73
428,0.68
429,0.79
430,0.29
431,0.68
432,0.63
433,0.5
434,0.21
435,0.39
436,0.07
437,0.42
438,0.57
439,0.03
440,0.24
441,0.68
442,0.91
443,0.84
444,0.06
445,0.9
446,0.93
447,0.41
448,0.06
449,0.17
450,0.86
451,0.58
452,0.79
453,0.35
454,0.83
455,0.62
456,0.72
457,0.33
458,0.68
459,0.14
460,0.55
461,0.46
462,0.87
463,0.71
464,0.83
465,0.64
466,0.33
467,0.36
468,0.62
469,0.52
470,0.34
471,0.14
472,1
473,0.34
474,0.39
475,0.5
476,0.35
477,0.61
478,0.39
479,0.37
480,0.14
481,0.27
482,0.26
483,0.47
484,0.87
485,0.33
486,0.89
487,0.29
488,0.39
489,0.64
490,0.5
491,0.07
492,0.75
493,0.81
494,0.95
495,0.36
496,0.87
497,0.37
498,0.25
499,0.34
500,0.3
501,0.86
502,0.64
503,0.64
504,0.21
505,0.7
506,0.53
507,0.33
508,0.33
509,0.47
510,0.28
511,0.96
512,0.76
513,0.41
514,0.91
515,0.84
516,0.29
517,0.64
518,0.04
519,0.43
520,0.91
521,0.69
522,0.82
523,0.86
524,0.54
525,0.57
526,0.29
527,0.75
528,0.66
529,0.07
530,0.4
531,0.59
532,0.18
533,0.64
534,0.12
535,0.51
536,0.03
537,0.99
538,0.24
539,0.96
540,0.39
541,0.22
542,0.15
543,0.41
544,0.47
545,0.83
546,0.73
547,0.85
548,0.52
549,0.88
550,0.86
551,0.51
552,0.35
553,0.31
554,0.31
555,0.03
556,0.9
557,0.39
558,0.62
559,0.58
560,0.9
561,1
562,0.91
563,0.51
564,0.45
565,0.49
566,0.32
567,0.4
568,0.85
569,0.85
570,0.38
571,0.53
572,0.92
573,0.1
574,0.73
575,0.33
576,0.76
577,0.81
578,0.58
579,0.75
580,0.18
581,0.59
582,0.96
583,0.17
584,0.78
585,0.71
586,0.66
587,0.9
588,0.38
589,0.23
590,0.87
591,0.75
592,0.01
593,0.93
594,0.94
595,0.76
596,0.29
597,0.21
598,0.93
599,0.96
600,0.36
601,0.3
602,0.61
603,0.86
604,0.49
605,0.75
606,0.18
607,0.85
608,0.21
609,0.16
610,0.41
611,0.56
612,0.96
613,0.4
614,0.72
615,0.97
616,0.42
617,0.45
618,0.88
619,0.01
620,0.57
621,0.38
622,0.89
623,0.37
624,0.2
625,0.16
626,0.93
627,0.16
628,0.73
629,0.27
630,0.14
631,0.23
632,0.35
633,0.92
634,0.6
635,0.81
636,0.85
637,1
638,0.15
639,0.63
640,0.63
641,0.38
642,0.41
643,0.15
644,0.14
645,0.18
646,0.4
647,0.02
648,0.84
649,0.73
650,0.61
651,0.85
652,0.22
653,0.25
654,0.25
655,0.32
656,0.93
657,0.64
658,0.54
659,0.68
660,0.2
661,0.21
662,0.56
663,0.3
664,0.8
665,0.77
666,0.06
667,0.43
668,0.81
669,0.49
670,0.52
671,0.3
672,0.87
673,0.24
674,0.67
675,0.92
676,0.37
677,0.38
678,0.26
679,0.53
680,0.01
681,0.39
682,0.54
683,0.24
684,0.67
685,0.7
686,0.23
687,0.1
688,0.77
689,0.13
690,0.73
691,0.75
692,0.64
693,0.59
694,0.82
695,0.31
696,0.89
697,0.8
698,0.49
699,0.97
700,0.82
701,0.3
702,0.36
703,0.8
704,0.62
705,0.77
706,0.43
707,0.52
708,0.41
709,0.89
710,0.88
711,0.1
712,0.82
713,0.44
714,0.57
715,0.73
716,0.7
717,0.43
718,0.92
719,0.83
720,0.63
721,0.95
722,0.7
723,0.87
724,0.52
725,0.53
726,0.01
727,0.4
728,0.25
729,0.08
730,0.53
731,0.75
732,0.46
733,0.78
734,0.26
735,0.31
736,0.33
737,0.08
738,0.42
739,0.94
740,0.92
741,0.66
742,0.33
743,0.29
744,0.92
745,0.59
746,0.08
747,0.38
748,0.55
749,0.72
750,0.52
751,0.28
752,0.52
753,0.68
754,0.58
755,0.64
756,0.56
757,0.91
758,0.66
759,1
760,0.84
761,0.6
762,0.61
763,0.93
764,0.93
765,0.7
766,0.31
767,0.47
768,0.84
769,0.49
770,0.8
771,0
772,0.41
773,0.32
774,0.36
775,0.83
776,0.98
777,0.4
778,0.59
779,0.34
780,0.9
781,0.9
782,0.71
783,0.21
784,0.85
785,0.08
786,0.92
787,0.71
788,0.53
789,0.21
790,0.08
791,0.38
792,0.08
793,0.31
794,0.22
795,0.64
796,0.72
797,0.81
798,0.48
799,0.7
800,0.97
801,0.21
802,0.62
803,0.69
804,0.92
805,0.77
806,0.48
807,0.41
808,0.17
809,0.31
810,0.34
811,0.71
812,0.56
813,0.64
814,0.95
815,0.2
816,0.75
817,0.16
818,0.87
819,0.62
820,0.86
821,0.02
822,0.67
823,0.01
824,0.26
825,0.63
826,0.9
827,0.55
828,0.82
829,0.77
830,0.91
831,0.73
832,0.93
833,0.31
834,0.86
835,0.29
836,0.78
837,0.84
838,0.26
839,0.61
840,0.66
841,0.64
842,0.07
843,0.08
844,0.33
845,0.89
846,0.7
847,0.79
848,0.58
849,0.35
850,0.35
851,0.82
852,0.98
853,0.97
854,0.2
855,0.79
856,0.58
857,0.53
858,0.87
859,0.2
860,0.16
861,0.72
862,0.77
863,0.76
864,0.76
865,0.41
866,0.28
867,0.76
868,0.75
869,0.83
870,0.58
871,0.42
872,0.53
873,0.85
874,0.48
875,0.7
876,0.45
877,0.44
878,0.91
879,0.89
880,0.35
881,0.56
882,0.56
883,0.89
884,0.17
885,0.15
886,0.13
887,0.42
888,0.82
889,0.19
890,0.17
891,0.33
892,0.32
893,0.96
894,0.54
895,0.71
896,0.58
897,0.76
898,0.58
899,0.15
900,0.89
901,0.01
902,0.5
903,0.2
904,0.97
905,0.99
906,0.48
907,0.27
908,0.6
909,0.94
910,0.34
911,0.35
912,0.66
913,0.87
914,0.29
915,0.87
916,0.49
917,0.23
918,0.47
919,0.57
920,0.03
921,0.32
922,0.88
923,0.21
924,0.4
925,0.95
926,0.65
927,0.26
928,0.06
929,0.02
930,0.8
931,0.11
932,0.26
933,0.07
934,0.82
935,0.68
936,0.21
937,0.95
938,0.49
939,1
940,0.32
941,0.8
942,0.36
943,0.02
944,0.39
945,0.44
946,0.57
947,0.4
948,0.64
949,0.27
950,0.52
951,0.84
952,0.22
953,0.21
954,0.11
955,0.18
956,0.15
957,0.83
958,0.31
959,0.44
960,0.38
961,0.51
962,0.73
963,0.58
964,0.68
965,0.03
966,0.75
967,0.32
968,0.68
969,0.25
970,0.11
971,0.31
972,0.27
973,0.94
974,0.95
975,0.64
976,0.71
977,0.91
978,0.28
979,0.88
980,0.37
981,0.36
982,0.13
983,0.76
984,0.88
985,0.3
986,0.17
987,0.69
988,0.66
989,0.13
990,0.46
991,0.77
992,0.22
993,0.82
994,0.22
995,0.3
996,0.74
997,0.45
998,0.2
999,0.68
1000,0.46
1001,0.1
1002,0.94
1003,0.97
1004,0.47
1005,0.83
1006,0.11
1007,0.68
1008,0.9
1009,0.47
1010,0.18
1011,0.7
1012,0.35
1013,0.31
1014,0.42
1015,0.24
1016,0.8
1017,0.42
1018,0.94
1019,0.68
1020,0.35
1021,0.52
1022,0.37
1023,0.7
1024,0.78
1025,0.57
1026,0.45
1027,0.37
1028,0.33
1029,0.93
1030,0.98
1031,0.67
1032,0.4
1033,0.83
1034,0.17
1035,0.74
1036,0.37
1037,0.6
1038,0.67
1039,0.47
1040,0.42
1041,0.24
1042,0.83
1043,0.94
1044,0.47
1045,0.49
1046,0.94
1047,0.94
1048,0.48
1049,0.21
1050,0.9
1051,0.2
1052,0.34
1053,0.92
1054,0.79
1055,0.72
1056,0.92
1057,0.13
1058,0.88
1059,0.13
1060,0.33
1061,0.43
1062,0.33
1063,0.89
1064,0.35
1065,0.5
1066,0.66
1067,0.64
1068,0.78
1069,0.49
1070,0.31
1071,0.55
1072,0.87
1073,1
1074,0.89
1075,0.64
1076,0.57
1077,0.86
1078,0.4
1079,0.79
1080,0.88
1081,0.55
1082,0.47
1083,0.49
1084,0.88
1085,0.22
1086,0.46
1087,0.21
1088,0.98
1089,0.92
1090,0.21
1091,0.64
1092,0.97
1093,0.87
1094,0.89
1095,0.96
1096,0.53
1097,0.76
1098,0.34
1099,0.29
1100,0.93
1101,0.05
1102,0.72
1103,0.94
1104,0.47
1105,0.32
1106,0.8
1107,0.34
1108,0.34
1109,0.06
1110,0.7
1111,0.13
1112,0.83
1113,0.82
1114,0.13
1115,0.68
1116,0.06
1117,0.74
1118,0.13
1119,0.21
1120,0.21
1121,0.71
1122,0.37
1123,0.7
1124,0.39
1125,0.19
1126,0.95
1127,0.2
1128,0.65
1129,0.38
1130,0.12
1131,0.26
1132,0.49
1133,0.9
1134,0.87
1135,0.36
1136,0.2
1137,0.62
1138,0.55
1139,0.66
1140,0.4
1141,0.6
1142,0.36
1143,0.37
1144,0.47
1145,0.68
1146,0.99
1147,0.86
1148,0.22
1149,0.7
1150,0.96
1151,0.64
1152,0.5
1153,0.26
1154,0.77
1155,0.81
1156,0.83
1157,0.07
1158,0.3
1159,0.03
1160,0.77
1161,0.44
1162,0.74
1163,0.91
1164,0.26
1165,0.67
1166,0.39
1167,0.86
1168,0.04
1169,0.97
1170,0.15
1171,0.96
1172,0.63
1173,0.13
1174,0.58
1175,0.87
1176,0.12
1177,0.57
1178,0.62
1179,0.41
1180,0.17
1181,0.96
1182,0.86
1183,0.92
1184,0.08
1185,0.71
1186,0.27
1187,0.32
1188,0.16
1189,0.97
1190,0.34
1191,0.27
1192,0.63
1193,0.95
1194,0.3
1195,0.73
1196,0.09
1197,0.91
1198,0.93
1199,0.95
1200,0.48
1201,0.84
1202,0.64
1203,0.97
1204,0.56
1205,0.37
1206,0.79
1207,0.47
1208,0.83
1209,0.1
1210,0.93
1211,0.23
1212,0.74
1213,0.11
1214,0.64
1215,0.71
1216,0.66
1217,0.28
1218,0.66
1219,0.6
1220,0.44
1221,0.63
1222,0.91
1223,0.47
1224,0.46
1225,0.79
1226,0.25
1227,0.96
1228,0.85
1229,0.92
1230,0.58
1231,0.85
1232,0.67
1233,0.91
1234,0.37
1235,0.47
1236,0.61
1237,0.18
1238,0.75
1239,0.83
1240,0.36
1241,0.93
1242,0.23
1243,0.22
1244,0.08
1245,0.66
1246,0.33
1247,0.06
1248,0.18
1249,0.83
1250,0.58
1251,0.34
1252,0.39
1253,0.53
1254,0.39
1255,0.55
1256,0.3
1257,0.72
1258,0.57
1259,0.81
1260,0.89
1261,0.92
1262,0.94
1263,0.43
1264,0.61
1265,0.93
1266,0.92
1267,0.88
1268,0.76
1269,0.08
1270,0.34
1271,0.2
1272,0.98
1273,0.81
1274,0.71
1275,0.68
1276,0.55
1277,0.95
1278,0.85
1279,0.83
1280,0.74
1281,0.89
1282,0.86
1283,0.6
1284,0.22
1285,0.54
1286,0.62
1287,0.51
1288,0.28
1289,0.68
1290,0.86
1291,0.89
1292,0.3
1293,0.1
1294,0.84
1295,0.62
1296,0.36
1297,0.01
1298,0.68
1299,0.91
1300,0.21
1301,0.3
1302,0.08
1303,0.9
1304,0.64
1305,0.25
1306,0.79
1307,0.88
1308,0.75
1309,0.78
1310,0.87
1311,0.62
1312,0.86
1313,0.49
1314,0.79
1315,0.46
1316,0.87
1317,0.55
1318,0.21
1319,0.06
1320,0.37
1321,0.76
1322,0.36
1323,0.11
1324,0.84
1325,0.44
1326,0.86
1327,0.53
1328,0.16
1329,0.3
1330,0.8
1331,0.5
1332,0.49
1333,0.86
1334,0.53
1335,0.71
1336,0.61
1337,0.35
1338,0.3
1339,0.66
1340,0.26
1341,0.79
1342,0.98
1343,0.91
1344,0.86
1345,0.99
1346,0.98
1347,0.35
1348,0.98
1349,0.57
1350,0.93
1351,0.98
1352,0.31
1353,0.71
1354,0.94
1355,0.83
1356,0.18
1357,0.6
1358,0.34
1359,0.25
1360,0.83
1361,0.94
1362,0.48
1363,0.5
1364,0.73
1365,0.95
1366,0.77
1367,0.84
1368,0.68
1369,0.91
1370,0.6
1371,0.81
1372,0.54
1373,0.98
1374,0
1375,0.41
1376,0.28
1377,0.96
1378,0.61
1379,0.26
1380,0.33
1381,0.72
1382,0.44
1383,0.76
1384,0.51
1385,0.13
1386,0.51
1387,0.9
1388,0.58
1389,0.12
1390,0.77
1391,0.67
1392,0.52
1393,0.9
1394,0.92
1395,0.77
1396,0.33
1397,0.34
1398,0.07
1399,0.19
1400,0.6
1401,0.7
1402,0.85
1403,0.79
1404,0.24
1405,0.05
1406,0.79
1407,0.1
1408,0.93
1409,0.86
1410,0.48
1411,0.22
1412,0.3
1413,0.67
1414,0.73
1415,0.53
1416,0.29
1417,0.35
1418,0.68
1419,0.39
1420,0.89
1421,0.11
1422,0.9
1423,0.85
1424,0.31
1425,0.63
1426,0.48
1427,0.07
1428,0.1
1429,0.31
1430,0.68
1431,0.65
1432,0.56
1433,0.05
1434,0.28
1435,0.51
1436,0.34
1437,0.18
1438,0.98
1439,0.14
1440,0.91
1441,0.8
1442,0.4
1443,0.48
1444,0.36
1445,0.19
1446,0.37
1447,0.16
1448,0.35
1449,0.86
1450,0.71
1451,0.75
1452,0.56
1453,0.35
1454,0.36
1455,0.48
1456,0.71
1457,0.86
1458,0.51
1459,0.46
1460,0.46
1461,0.34
1462,0.86
1463,0.56
1464,0.74
1465,0.87
1466,0.43
1467,0.92
1468,0.32
1469,0.53
1470,0.96
1471,0.78
1472,0.43
1473,0.77
1474,0.19
1475,0.3
1476,0.32
1477,0.9
1478,0.27
1479,0.39
1480,0.83
1481,0.01
1482,0.29
1483,0.74
1484,0.63
1485,0.31
1486,0.06
1487,0.3
1488,0.36
1489,0.3
1490,0.8
1491,0.72
1492,0.32
1493,0.71
1494,0.49
1495,0.59
1496,0.92
1497,0.34
1498,0.92
1499,0.24
1500,0.83
1501,0.16
1502,0.37
1503,0.58
1504,0.52
1505,0.58
1506,0.07
1507,0.23
1508,0.84
1509,0.79
1510,0.42
1511,0.91
1512,0.6
1513,0.91
1514,0.67
1515,0.06
1516,0.07
1517,0.15
1518,0.66
1519,0.49
1520,0.21
1521,0.31
1522,0.87
1523,0.25
1524,0
1525,0.92
1526,0.01
1527,0.38
1528,0.71
1529,0.96
1530,0.62
1531,0.39
1532,0.56
1533,0.56
1534,0.45
1535,0.75
1536,0.58
1537,0.11
1538,0.26
1539,0.89
1540,0.97
1541,0.5
1542,0.83
1543,0.07
1544,0.71
1545,0.8
1546,0.87
1547,0.62
1548,0.8
1549,0.7
1550,0.52
1551,0.98
1552,0.85
1553,0.7
1554,0.86
1555,0.85
1556,0.84
1557,0.52
1558,0.79
1559,0.81
1560,0.98
1561,0.54
1562,0.33
1563,0.07
1564,0.43
1565,0.46
1566,0.48
1567,0.71
1568,0.3
1569,0.89
1570,0.82
1571,0.98
1572,0.56
1573,0.88
1574,0.48
1575,0.13
1576,0.77
1577,0.82
1578,0.8
1579,0.66
1580,0.72
1581,0.8
1582,0.53
1583,0.83
1584,1
1585,0.56
1586,0.18
1587,0.87
1588,0.86
1589,0.35
1590,0.04
1591,0.04
1592,0.79
1593,0.96
1594,0.19
1595,0.7
1596,0.68
1597,0.56
1598,0.79
1599,0.66
1600,0.37
1601,0.83
1602,0.4
1603,0.13
1604,0.66
1605,0.1
1606,0.26
1607,0.84
1608,0.1
1609,0.78
1610,0.81
1611,0.86
1612,0.72
1613,0.86
1614,0.38
1615,0.63
1616,0.27
1617,0.28
1618,0.56
1619,0.95
1620,0.93
1621,0.32
1622,0.6
1623,0.72
1624,0.86
1625,0.8
1626,0.24
1627,0.04
1628,0.3
1629,0.5
1630,0.16
1631,0.6
1632,0.49
1633,0.85
1634,0.41
1635,0.32
1636,0.32
1637,0.73
1638,0.62
1639,0.17
1640,0.64
1641,0.44
1642,0.89
1643,0.63
1644,0.3
1645,0.99
1646,0.24
1647,0.88
1648,0.8
1649,0.5
1650,0.45
1651,0.9
1652,0.88
1653,0.46
1654,0.47
1655,0.26
1656,0.62
1657,0.61
1658,0.95
1659,0.36
1660,0.87
1661,0.21
1662,0.29
1663,0.28
1664,0.73
1665,0.48
1666,0.39
1667,0.73
1668,0.41
1669,0.89
1670,0.66
1671,0.38
1672,0.97
1673,0.36
1674,0.2
1675,0.95
1676,0.82
1677,0.06
1678,0.85
1679,0.48
1680,0.84
1681,0.74
1682,0.35
1683,0.85
1684,0.58
1685,0.87
1686,0.39
1687,0.77
1688,0.41
1689,0.35
1690,0.74
1691,0.49
1692,0.14
1693,0.37
1694,0.47
1695,0.58
1696,0.27
1697,0.95
1698,0.2
1699,0.08
1700,0.31
1701,0.75
1702,0.87
1703,0.17
1704,0.79
1705,0.27
1706,0.35
1707,0.63
1708,0.04
1709,0.69
1710,0.25
1711,0.35
1712,0.51
1713,0.06
1714,0.21
1715,0.32
1716,0.07
1717,0.35
1718,0.92
1719,0.97
1720,0.49
1721,0.21
1722,0.17
1723,0.43
1724,0.5
1725,0.4
1726,0.88
1727,0.92
1728,0.43
1729,0.88
1730,0.51
1731,0.38
1732,0.32
1733,0.89
1734,0.71
1735,0.63
1736,0.98
1737,0.1
1738,0.91
1739,0.81
1740,0.98
1741,0.78
1742,0.69
1743,0.74
1744,0.52
1745,0.13
1746,0.41
1747,0.13
1748,0.91
1749,0.93
1750,0.31
1751,0.79
1752,0.81
1753,0.26
1754,0.33
1755,0.21
1756,0.95
1757,0.53
1758,0.14
1759,0.51
1760,0.85
1761,0.84
1762,0.98
1763,0.26
1764,0.6
1765,0.94
1766,0.93
1767,0.62
1768,0.65
1769,0.96
1770,0.66
1771,0.77
1772,0.96
1773,0.84
1774,0.54
1775,0.28
1776,0.87
1777,0.07
1778,0.74
1779,0.1
1780,0.48
1781,0.77
1782,0.75
1783,0.24
1784,0.49
1785,0.36
1786,0.03
1787,0.67
1788,0.52
1789,0.3
1790,0.42
1791,0.35
1792,0.65
1793,0.87
1794,0.22
1795,0.15
1796,0.67
1797,0.51
1798,0.55
1799,0.74
1800,0.26
1801,0.95
1802,0.25
1803,0.25
1804,0.36
1805,0.81
1806,0.53
1807,0.54
1808,0.24
1809,0.81
1810,0.91
1811,0.91
1812,0.37
1813,0.71
1814,0.5
1815,0.97
1816,0.25
1817,0.86
1818,0.41
1819,0.53
1820,0.39
1821,0.4
1822,0.4
1823,0.93
1824,0.96
1825,0.98
1826,0.72
1827,0.46
1828,0.96
1829,0.72
1830,0.87
1831,0.5
1832,0.15
1833,0.46
1834,0.58
1835,0.73
1836,0.49
1837,0.45
1838,0.2
1839,0.94
1840,0.58
1841,0.13
1842,0.83
1843,0.61
1844,0.35
1845,0.72
1846,0.28
1847,0.77
1848,0.5
1849,0.36
1850,0.53
1851,0.86
1852,0.19
1853,0.83
1854,0.86
1855,0.58
1856,0.87
1857,0.25
1858,0.19
1859,0.36
1860,0.96
1861,0.69
1862,0.3
1863,0.8
1864,0.93
1865,0.47
1866,0.82
1867,0.83
1868,0.79
1869,0.81
1870,0.45
1871,0.84
1872,0.91
1873,0.47
1874,0.26
1875,0.36
1876,0.68
1877,0.04
1878,0.35
1879,0.75
1880,0.78
1881,0.36
1882,0.26
1883,0.5
1884,0.17
1885,0.94
1886,0.33
1887,0.76
1888,0.92
1889,0.9
1890,0.16
1891,0.75
1892,0.24
1893,0.81
1894,0.49
1895,0.51
1896,0.82
1897,0.91
1898,0.54
1899,0.82
1900,0.3
1901,0.88
1902,0.92
1903,0.49
1904,0.03
1905,0.3
1906,0.07
1907,0.62
1908,0.19
1909,0.87
1910,0.39
1911,0.23
1912,0.86
1913,0.08
1914,0.87
1915,0.72
1916,0.28
1917,0.26
1918,0.37
1919,0.58
1920,0.5
1921,0.91
1922,0.52
1923,0.26
1924,0.41
1925,0.93
1926,0.42
1927,0.33
1928,0.68
1929,0.85
1930,0.14
1931,0.32
1932,0.2
1933,0.24
1934,0.91
1935,0.07
1936,0.16
1937,0.33
1938,0.96
1939,0.57
1940,0.67
1941,0.9
1942,0.99
1943,0.73
1944,0.3
1945,0.29
1946,0.35
1947,0.54
1948,0.64
1949,0.19
1950,0.41
1951,0.87
1952,0.19
1953,0.98
1954,0.41
1955,0.72
1956,0.37
1957,0.23
1958,0.12
1959,0.76
1960,0.53
1961,0.17
1962,0.25
1963,0.39
1964,0.61
1965,0.52
1966,0.57
1967,0.78
1968,0.28
1969,0.81
1970,0.3
1971,0.56
1972,0.81
1973,0.9
1974,0.6
1975,0.78
1976,0.8
1977,0.19
1978,0.79
1979,0.03
1980,0.78
1981,0.92
1982,0.18
1983,0.45
1984,0.25
1985,0.29
1986,0.98
1987,0.36
1988,0.58
1989,0.99
1990,0.67
1991,0.41
1992,0.82
1993,0.72
1994,0.2
1995,0.34
1996,0.94
1997,0.9
1998,0.96
1999,0.53
2000,0.45
2001,0.49
2002,0.98
2003,0.51
2004,0.88
2005,0.65
2006,0.38
2007,0.06
2008,0.96
2009,0.16
2010,0.34
2011,0.39
2012,0.65
2013,0.67
2014,0.61
2015,0.92
2016,0.92
2017,0.36
2018,0.45
2019,0.78
2020,0.77
2021,0.31
2022,0.81
2023,0.71
2024,0.47
2025,0.31
2026,0.28
2027,0.21
2028,0.36
2029,0.25
2030,0.74
2031,0.4
2032,0.88
2033,0.5
2034,0.24
2035,0.73
2036,0.88
2037,0.19
2038,0.42
2039,0.6
2040,0.69
2041,0.34
2042,0.59
2043,0.51
2044,0.28
2045,0.41
2046,0.45
2047,0.91
2048,0.97
2049,0.35
2050,0.22
2051,0.35
2052,0.92
2053,0.7
2054,0.44
2055,0.64
2056,0.55
2057,0.9
2058,0.64
2059,0.28
2060,0.45
2061,0.49
2062,0.95
2063,0.64
2064,0.1
2065,0.24
2066,0.4
2067,0.52
2068,0.49
2069,0.64
2070,0.88
2071,0.14
2072,0.27
2073,0.65
2074,0.98
2075,0.11
2076,0.89
2077,0.26
2078,0.85
2079,0.94
2080,0.74
2081,0.98
2082,0.44
2083,0.47
2084,0.97
2085,0.34
2086,0.25
2087,0.25
2088,0.44
2089,0.47
2090,0.14
2091,0.35
2092,0.7
2093,0.38
2094,0.71
2095,0.45
2096,0.46
2097,0.87
2098,0.81
2099,0.91
2100,0.91
2101,0.39
2102,0.3
2103,0.47
2104,0.48
2105,0.79
2106,0.23
2107,0.65
2108,0.87
2109,0.75
2110,0.57
2111,0.62
2112,0.23
2113,0.79
2114,0.41
2115,0.26
2116,0.31
2117,0.7
2118,0.27
2119,0.34
2120,0.88
2121,0.92
2122,0.84
2123,0.55
2124,0.25
2125,0.87
2126,0.21
2127,0.87
2128,0.56
2129,0.95
2130,0.14
2131,0.72
2132,0.3
2133,0.37
2134,0.69
2135,0.59
2136,0.22
2137,0.67
2138,0.9
2139,0.82
2140,0.22
2141,0.3
2142,0.49
2143,0.35
2144,0.26
2145,0.49
2146,0.98
2147,0.85
2148,0.58
2149,0.27
2150,0.52
2151,0.3
2152,0.26
2153,0.39
2154,0.67
2155,0.64
2156,0.08
2157,0.27
2158,0.54
2159,0.74
2160,0.97
2161,0.87
2162,0.79
2163,0.81
2164,0.82
2165,0.66
2166,0.54
2167,0.88
2168,0.24
2169,0.07
2170,0.76
2171,0.41
2172,0.78
2173,0.23
2174,0.05
2175,0.02
2176,0.75
2177,0.31
2178,0.41
2179,0.59
2180,0.72
2181,0.68
2182,0.32
2183,0.54
2184,0.27
2185,0.32
2186,0.18
2187,0.12
2188,0.97
2189,0.11
2190,0.37
2191,0.28
2192,0.43
2193,0.8
2194,0.31
2195,0.22
2196,0.37
2197,0.33
2198,0.23
2199,0.84
2200,0.8
2201,0.75
2202,0.87
2203,0.24
2204,0.54
2205,0.17
2206,0.4
2207,0.76
2208,0.94
2209,0.28
2210,0.25
2211,0.8
2212,0.56
2213,0.78
2214,0.71
2215,0.94
2216,0.43
2217,0.78
2218,0.42
2219,0.82
2220,0.96
2221,0.29
2222,0.81
2223,0.95
2224,0.2
2225,0.16
2226,0.49
2227,0.66
2228,0.52
2229,0.04
2230,0.66
2231,0.57
2232,0.04
2233,0.99
2234,0.13
2235,0.04
2236,0.06
2237,0.13
2238,0.46
2239,0.94
2240,0.38
2241,0.98
2242,0.91
2243,0.55
2244,0.99
2245,0.81
2246,0.45
2247,0.45
2248,0.61
2249,0.59
2250,0.58
2251,0.24
2252,0.06
2253,0.28
2254,0.72
2255,0.72
2256,0.46
2257,0.14
2258,0.58
2259,0.68
2260,0.71
2261,0.93
2262,0.14
2263,0.23
2264,0.47
2265,0.87
2266,0.96
2267,0.61
2268,0.5
2269,0.11
2270,0.33
2271,0.96
2272,0.46
2273,0.5
2274,0.5
2275,0.66
2276,0.8
2277,0.08
2278,0.58
2279,0.3
2280,0.14
2281,0.3
2282,0.29
2283,0.22
2284,0.41
2285,0.37
2286,0.54
2287,0.26
2288,0.93
2289,0.77
2290,0.79
2291,0.94
2292,0.33
2293,0.96
2294,0.83
2295,0.68
2296,0.1
2297,0.48
2298,0.63
2299,0.42
2300,0.98
2301,0.2
2302,0.93
2303,0.71
2304,0.84
2305,0.65
2306,0.54
2307,0.71
2308,0.2
2309,0.9
2310,0.86
2311,0.34
2312,0.72
2313,0.92
2314,0.96
2315,0.26
2316,0.78
2317,0.02
2318,0.4
2319,0.86
2320,0.46
2321,0.87
2322,0.84
2323,0.18
2324,1
2325,0.05
2326,0.57
2327,0.84
2328,0.78
2329,0.23
2330,0.49
2331,0.52
2332,0.11
2333,0.77
2334,0.37
2335,0.46
2336,1
2337,0.32
2338,0.78
2339,0.3
2340,0.89
2341,0.86
2342,0.97
2343,0.97
2344,0.56
2345,0.88
2346,0.66
2347,0.49
2348,0.31
2349,0.3
2350,0.03
2351,0.74
2352,0.46
2353,0.39
2354,0.27
2355,0.2
2356,0.21
2357,0.84
2358,0.38
2359,0.9
2360,0.67
2361,0.76
2362,0.28
2363,0.83
2364,0.25
2365,0.49
2366,0.92
2367,0.74
2368,0.38
2369,0.98
2370,0.9
2371,0.51
2372,0.75
2373,0.21
2374,0.28
2375,0.45
2376,0.89
2377,0.17
2378,0.21
2379,0.05
2380,0.91
2381,0.05
2382,0.35
2383,0.81
2384,0.41
2385,0.27
2386,0.62
2387,0.79
2388,0.33
2389,0.89
2390,0.73
2391,0.81
2392,0.21
2393,0.98
2394,0.97
2395,0.33
2396,0.86
2397,0.02
2398,0.11
2399,0.76
2400,0.77
2401,0.62
2402,0.54
2403,0.45
2404,0.79
2405,0.77
2406,0.84
2407,0.54
2408,0.94
2409,0.92
2410,0.63
2411,0.98
2412,0.37
2413,0.89
2414,0.16
2415,0.26
2416,0.63
2417,0.71
2418,0.61
2419,0.07
2420,0.2
2421,0.09
2422,0.37
2423,0.41
2424,0.89
2425,0.44
2426,0.69
2427,0.11
2428,0.78
2429,0.86
2430,0.95
2431,0.54
2432,0.39
2433,0.47
2434,0.46
2435,0.34
2436,0.72
2437,0.06
2438,0.21
2439,0.81
2440,0.92
2441,0.95
2442,0.12
2443,0.04
2444,0.63
2445,0.81
2446,0.59
2447,0.84
2448,0.19
2449,0.36
2450,0.22
2451,0.39
2452,0.29
2453,0.15
2454,0.8
2455,0.11
2456,0.16
2457,0.59
2458,0.37
2459,0.34
2460,0.95
2461,0.7
2462,0.85
2463,0.95
2464,0.84
2465,0.53
2466,0.97
2467,0.7
2468,0.25
2469,0.68
2470,0.25
2471,0.98
2472,0.42
2473,0.5
2474,0.44
2475,0.32
2476,0.86
2477,0.16
2478,0.23
2479,0.73
2480,0.79
2481,0.15
2482,0.86
2483,0.1
2484,0.41
2485,0.47
2486,0.93
2487,0.11
2488,0.57
2489,0.82
2490,0.27
2491,0.69
2492,0.93
2493,0.93
2494,0.43
2495,0.67
2496,0.38
2497,0.34
2498,0.19
2499,0.94
2500,0.67
2501,0.28
